<?xml version="1.0" encoding="utf-8"?>
 <extension type="package" version="1.6">
 <name>Zt Autolinks</name>
 <author>APL</author>
 <creationDate>August 25 2014</creationDate>
 <packagename>ztautolinks</packagename>
 <version>1.0.0</version>
 <url>http://apl.com.vn/</url>
 <packager>APL</packager>
 <description>Package to combine multiple extensions</description>
 <files folder="packages">
   <file type="component" id="ztautolinks">com_ztautolinks.zip</file>
   <file type="plugin" id="ztautolinks" group="system">plg_sys_ztautolinks.zip</file>
 </files>
 </extension>
